user ID,session ID,timestamp
0,292,1404864000
1,14,1404864000
2,852,1404000000
3,680,1403654400
4,888,1403395200
5,278,1403049600
6,79,1402099200
7,947,1402012800
8,322,1401408000
9,379,1401235200
10,465,1400889600
11,765,1400803200
12,467,1400716800
13,173,1400716800
14,179,1398902400
15,544,1398643200
16,943,1398211200
17,960,1397865600
18,681,1397433600
19,94,1396569600
20,287,1396569600
21,183,1395705600
22,941,1395705600
23,427,1395100800
24,380,1395014400
25,502,1394928000
26,664,1394409600
27,704,1394409600
28,708,1392768000
29,153,1392681600
30,260,1391558400
31,279,1389312000
32,469,1389052800
33,212,1388188800
34,175,1387497600
35,450,1386892800
36,6,1386720000
37,902,1386547200
38,115,1386460800
39,210,1384992000
40,652,1384300800
41,944,1383091200
42,182,1382832000
43,885,1379462400
44,333,1379030400
45,838,1378080000
46,91,1377907200
47,350,1377561600
48,309,1375488000
49,302,1374451200
50,401,1405814400
51,617,1405296000
52,514,1405296000
53,584,1405209600
54,77,1405036800
55,878,1405036800
56,802,1404950400
57,207,1404864000
58,429,1404864000
59,438,1404864000
60,468,1404864000
61,549,1404691200
62,780,1404691200
63,420,1404518400
64,562,1404432000
65,238,1404259200
66,325,1403568000
67,275,1402444800
68,601,1402185600
69,632,1402012800
70,927,1401926400
71,389,1401321600
72,758,1400630400
73,331,1399852800
74,578,1399593600
75,97,1399334400
76,487,1398729600
77,320,1398211200
78,48,1398038400
79,137,1397433600
80,300,1397088000
81,163,1397088000
82,476,1397088000
83,368,1396915200
84,740,1396828800
85,706,1396742400
86,644,1396656000
87,129,1396483200
88,390,1396483200
89,134,1396396800
90,256,1396137600
91,335,1396051200
92,378,1396051200
93,107,1395532800
94,191,1395100800
95,733,1394668800
96,906,1394668800
97,898,1394236800
98,172,1394064000
99,929,1393891200
100,623,1393459200
101,542,1393459200
102,424,1393200000
103,13,1392854400
104,397,1392768000
105,608,1392768000
106,24,1392076800
107,443,1391558400
108,689,1390953600
109,39,1390867200
110,82,1389744000
111,937,1389312000
112,737,1389225600
113,792,1388793600
114,283,1388707200
115,419,1388707200
116,606,1388361600
117,766,1388102400
118,715,1387497600
119,641,1387152000
120,83,1387152000
121,700,1386633600
122,773,1386460800
123,17,1385596800
124,274,1385510400
125,371,1384387200
126,789,1383955200
127,70,1383264000
128,105,1383177600
129,262,1382313600
130,575,1382054400
131,511,1380672000
132,505,1380067200
133,366,1379894400
134,453,1379030400
135,735,1378857600
136,273,1378512000
137,299,1378425600
138,383,1377129600
139,403,1376611200
140,621,1376179200
141,104,1375488000
142,624,1375315200
143,618,1374969600
144,506,1374883200
145,433,1374624000
146,721,1373846400
147,89,1373673600
148,440,1373328000
149,869,1372723200
150,101,1372723200
151,861,1406073600
152,686,1405468800
153,757,1405296000
154,509,1404950400
155,462,1404950400
156,967,1404864000
157,677,1404777600
158,281,1404604800
159,437,1404432000
160,667,1404000000
161,619,1403740800
162,75,1403481600
163,768,1402963200
164,956,1402790400
165,303,1401926400
166,269,1401580800
167,741,1400889600
168,954,1400803200
169,59,1400803200
170,289,1400803200
171,426,1400544000
172,772,1400284800
173,587,1400112000
174,917,1400112000
175,718,1399939200
176,899,1399420800
177,164,1398988800
178,132,1398816000
179,952,1398729600
180,148,1398470400
181,362,1398211200
182,675,1397865600
183,234,1397174400
184,85,1396915200
185,864,1396828800
186,410,1396569600
187,263,1396396800
188,188,1396051200
189,135,1395964800
190,810,1395878400
191,804,1395532800
192,193,1395532800
193,396,1394928000
194,651,1394841600
195,809,1394755200
196,593,1394582400
197,249,1394582400
198,324,1394150400
199,223,1394064000
200,199,1393977600
201,776,1393459200
202,42,1393113600
203,547,1392595200
204,603,1392249600
205,640,1392163200
206,756,1391558400
207,634,1391299200
208,99,1391212800
209,828,1391212800
210,490,1390953600
211,393,1390867200
212,568,1390867200
213,62,1390348800
214,329,1390262400
215,330,1390176000
216,480,1390176000
217,713,1389744000
218,98,1389657600
219,881,1389657600
220,495,1389312000
221,595,1389139200
222,610,1388966400
223,106,1388707200
224,855,1388707200
225,570,1388707200
226,808,1388620800
227,827,1388361600
228,219,1388275200
229,535,1388275200
230,356,1388102400
231,349,1388016000
232,908,1387929600
233,764,1387670400
234,750,1387670400
235,311,1387584000
236,180,1387324800
237,966,1387065600
238,950,1386892800
239,754,1386633600
240,787,1386460800
241,237,1386201600
242,788,1385683200
243,611,1385510400
244,953,1384819200
245,519,1384819200
246,897,1384732800
247,162,1384732800
248,133,1384646400
249,157,1384387200
250,377,1384128000
251,683,1383609600
252,76,1383264000
253,64,1383177600
254,663,1383004800
255,400,1382140800
256,751,1381363200
257,682,1380153600
258,705,1379894400
259,656,1379808000
260,840,1379808000
261,352,1379116800
262,749,1378857600
263,430,1378339200
264,434,1377993600
265,221,1377734400
266,921,1377475200
267,291,1375747200
268,7,1375660800
269,678,1374192000
270,716,1374105600
271,955,1373068800
272,485,1372723200
273,707,1406073600
274,839,1405987200
275,543,1405728000
276,483,1405468800
277,555,1405036800
278,903,1404950400
279,348,1404777600
280,347,1404777600
281,439,1404604800
282,226,1404345600
283,710,1404086400
284,847,1404000000
285,494,1403481600
286,414,1403481600
287,321,1403136000
288,738,1402876800
289,81,1402790400
290,731,1402617600
291,842,1401667200
292,224,1401408000
293,797,1401321600
294,701,1401148800
295,442,1401062400
296,507,1400976000
297,843,1400630400
298,589,1400630400
299,834,1400457600
300,22,1400371200
301,529,1400198400
302,784,1400198400
303,790,1400025600
304,880,1399939200
305,341,1399507200
306,702,1399507200
307,685,1398729600
308,886,1398556800
309,392,1398384000
310,100,1398384000
311,857,1398038400
312,218,1397779200
313,938,1397692800
314,156,1397520000
315,636,1397433600
316,337,1397174400
317,338,1397174400
318,785,1397001600
319,815,1396742400
320,752,1396396800
321,612,1396051200
322,235,1395964800
323,34,1395878400
324,394,1395705600
325,794,1395187200
326,798,1394755200
327,939,1394668800
328,217,1394323200
329,819,1394150400
330,417,1394064000
331,449,1393804800
332,552,1393632000
333,498,1393545600
334,12,1393545600
335,310,1393459200
336,743,1393372800
337,814,1393372800
338,398,1393200000
339,141,1392508800
340,68,1392249600
341,728,1391990400
342,49,1391644800
343,326,1391385600
344,312,1391299200
345,178,1390953600
346,315,1390953600
347,339,1390953600
348,130,1390867200
349,196,1390867200
350,138,1390694400
351,628,1390435200
352,504,1390262400
353,622,1390262400
354,643,1390176000
355,517,1389916800
356,573,1389398400
357,639,1389398400
358,558,1389225600
359,96,1389139200
360,293,1389052800
361,436,1388966400
362,402,1388966400
363,319,1388707200
364,258,1388620800
365,151,1388448000
366,342,1388361600
367,8,1388275200
368,192,1387929600
369,919,1387497600
370,25,1387497600
371,676,1387324800
372,599,1387324800
373,962,1387152000
374,508,1387152000
375,298,1386979200
376,739,1386720000
377,820,1385856000
378,119,1385596800
379,466,1385424000
380,80,1385251200
381,143,1384905600
382,407,1384646400
383,55,1384560000
384,669,1384473600
385,554,1384300800
386,31,1383523200
387,412,1383264000
388,912,1383264000
389,722,1382832000
390,926,1381968000
391,945,1380672000
392,510,1380240000
393,862,1380067200
394,856,1378944000
395,655,1378425600
396,775,1377561600
397,165,1377475200
398,844,1377302400
399,825,1376956800
400,726,1376352000
401,767,1375401600
402,604,1374451200
403,159,1374451200
404,590,1374019200
405,760,1373932800
406,541,1373500800
407,585,1373068800
408,257,1405468800
409,30,1405382400
410,580,1405296000
411,860,1405209600
412,271,1405036800
413,674,1404864000
414,874,1404604800
415,697,1404518400
416,327,1404432000
417,166,1403654400
418,117,1403654400
419,845,1403568000
420,727,1403568000
421,783,1403395200
422,920,1403308800
423,231,1403136000
424,598,1403136000
425,684,1403049600
426,21,1402531200
427,232,1402444800
428,719,1402358400
429,208,1402358400
430,563,1402012800
431,304,1401321600
432,245,1401235200
433,648,1400803200
434,448,1400630400
435,581,1400630400
436,933,1400284800
437,586,1400284800
438,463,1400112000
439,177,1399507200
440,800,1399161600
441,146,1398816000
442,154,1398729600
443,313,1398384000
444,1,1398297600
445,459,1398211200
446,876,1398124800
447,28,1398124800
448,72,1398038400
449,265,1397952000
450,597,1397779200
451,244,1397779200
452,948,1397606400
453,93,1397433600
454,534,1397260800
455,155,1396569600
456,351,1396483200
457,87,1396483200
458,942,1395964800
459,38,1395446400
460,41,1395360000
461,336,1395187200
462,441,1395100800
463,714,1394668800
464,33,1394582400
465,744,1394496000
466,889,1394064000
467,546,1394064000
468,301,1393977600
469,471,1393632000
470,45,1393027200
471,566,1392940800
472,659,1392854400
473,537,1392768000
474,387,1392508800
475,559,1392249600
476,150,1392163200
477,112,1391731200
478,71,1391472000
479,653,1391472000
480,36,1391385600
481,868,1391299200
482,340,1391299200
483,140,1390953600
484,499,1390780800
485,748,1390780800
486,533,1390435200
487,282,1390348800
488,84,1390262400
489,18,1389830400
490,711,1389744000
491,523,1389744000
492,122,1389398400
493,228,1388534400
494,452,1388188800
495,661,1388102400
496,11,1388016000
497,305,1387756800
498,829,1387584000
499,110,1387238400
500,176,1387065600
501,272,1386720000
502,405,1386720000
503,620,1386633600
504,478,1386547200
505,187,1386547200
506,411,1386547200
507,355,1386201600
508,361,1385683200
509,822,1385424000
510,358,1385337600
511,882,1385337600
512,725,1384819200
513,169,1384300800
514,531,1383523200
515,625,1383350400
516,883,1382832000
517,50,1382140800
518,451,1381363200
519,515,1380931200
520,692,1380931200
521,518,1380153600
522,835,1380067200
523,51,1379462400
524,500,1378857600
525,481,1378857600
526,854,1378252800
527,5,1377993600
528,211,1377475200
529,32,1377302400
530,895,1376524800
531,922,1376006400
532,124,1374624000
533,372,1405900800
534,724,1405641600
535,46,1405382400
536,851,1405036800
537,284,1405036800
538,600,1404950400
539,649,1404950400
540,527,1404777600
541,370,1404345600
542,761,1404000000
543,932,1403740800
544,27,1403740800
545,795,1403481600
546,779,1403049600
547,86,1402963200
548,229,1402876800
549,409,1402790400
550,161,1402617600
551,602,1402444800
552,605,1402444800
553,88,1402185600
554,475,1402185600
555,538,1402185600
556,479,1401926400
557,470,1401753600
558,491,1401494400
559,894,1401321600
560,264,1401321600
561,365,1401062400
562,131,1400716800
563,267,1400198400
564,171,1400198400
565,149,1400198400
566,15,1400112000
567,20,1399593600
568,201,1399420800
569,777,1399420800
570,288,1399248000
571,120,1398988800
572,545,1398988800
573,671,1398729600
574,9,1398643200
575,29,1398211200
576,879,1398038400
577,216,1397952000
578,668,1397433600
579,200,1397001600
580,116,1396828800
581,158,1396224000
582,461,1395964800
583,872,1395792000
584,261,1395705600
585,126,1395705600
586,144,1395619200
587,142,1395446400
588,930,1395360000
589,145,1395187200
590,513,1395187200
591,841,1395014400
592,688,1394841600
593,247,1394323200
594,913,1394323200
595,572,1394150400
596,190,1394064000
597,539,1393804800
598,114,1393718400
599,561,1393372800
600,560,1393372800
601,747,1393027200
602,778,1392940800
603,195,1392595200
604,239,1392508800
605,205,1392163200
606,670,1391990400
607,745,1391990400
608,447,1391904000
609,817,1391558400
610,596,1391385600
611,826,1390694400
612,152,1390521600
613,391,1390521600
614,168,1390435200
615,637,1390089600
616,746,1390089600
617,456,1390003200
618,592,1389830400
619,626,1389225600
620,285,1389052800
621,10,1388620800
622,323,1388448000
623,382,1388188800
624,385,1388102400
625,363,1387670400
626,230,1387411200
627,936,1387152000
628,805,1387152000
629,901,1386979200
630,526,1386288000
631,69,1386115200
632,121,1385942400
633,43,1385856000
634,423,1385769600
635,931,1385337600
636,613,1384732800
637,344,1384732800
638,197,1384646400
639,928,1384473600
640,803,1384300800
641,958,1383868800
642,867,1383868800
643,892,1383696000
644,73,1383609600
645,557,1383523200
646,816,1383436800
647,198,1383264000
648,709,1382572800
649,280,1381881600
650,565,1381708800
651,4,1381190400
652,464,1381104000
653,357,1380758400
654,609,1380240000
655,873,1380240000
656,360,1379462400
657,147,1379203200
658,359,1379116800
659,422,1378684800
660,904,1378339200
661,16,1378166400
662,56,1377820800
663,186,1377129600
664,550,1377043200
665,460,1376524800
666,345,1376438400
667,125,1375401600
668,774,1374796800
669,472,1374451200
670,690,1374364800
671,900,1374278400
672,3,1373932800
673,174,1373846400
674,679,1373155200
675,654,1405641600
676,497,1405382400
677,522,1405296000
678,47,1405036800
679,821,1404950400
680,528,1404864000
681,607,1404691200
682,194,1404259200
683,294,1404259200
684,923,1404172800
685,831,1404172800
686,102,1403827200
687,582,1403481600
688,482,1403395200
689,486,1403395200
690,123,1403222400
691,318,1403049600
692,189,1402531200
693,657,1402444800
694,781,1401408000
695,569,1401321600
696,167,1401321600
697,786,1401235200
698,373,1401148800
699,512,1400198400
700,720,1399939200
701,406,1399852800
702,503,1399507200
703,428,1399507200
704,742,1399248000
705,369,1399075200
706,837,1398902400
707,415,1398124800
708,629,1398038400
709,492,1397865600
710,136,1397779200
711,353,1397606400
712,128,1397433600
713,367,1397088000
714,830,1397001600
715,695,1395878400
716,53,1394928000
717,270,1394928000
718,61,1394755200
719,328,1394236800
720,520,1394150400
721,425,1393977600
722,588,1393891200
723,666,1392681600
724,905,1392681600
725,418,1392681600
726,665,1392508800
727,457,1392336000
728,911,1392076800
729,60,1391990400
730,314,1391904000
731,254,1390608000
732,233,1390435200
733,432,1390176000
734,268,1389830400
735,824,1389571200
736,455,1388448000
737,40,1388102400
738,474,1387670400
739,907,1387324800
740,251,1386892800
741,374,1386460800
742,732,1386201600
743,631,1386028800
744,811,1385942400
745,0,1385596800
746,627,1385424000
747,730,1385337600
748,615,1384992000
749,793,1384819200
750,574,1384819200
751,57,1384732800
752,113,1384560000
753,591,1384300800
754,63,1383177600
755,935,1382832000
756,240,1382745600
757,241,1382400000
758,536,1381968000
759,833,1381276800
760,431,1380240000
761,849,1379548800
762,92,1379376000
763,579,1378425600
764,202,1377216000
765,354,1376956800
766,220,1376524800
767,95,1375401600
768,204,1375228800
769,858,1374883200
770,52,1374796800
771,343,1374364800
772,914,1405382400
773,934,1405123200
774,964,1405036800
775,850,1404950400
776,215,1404864000
777,909,1404691200
778,832,1404518400
779,633,1404518400
780,540,1404432000
781,836,1404259200
782,863,1404172800
783,184,1404086400
784,818,1404000000
785,753,1403913600
786,227,1403654400
787,614,1403308800
788,65,1403308800
563,66,1403136000
789,203,1402790400
790,925,1402358400
791,660,1402099200
792,951,1402012800
793,416,1401580800
794,771,1401494400
795,388,1400716800
796,887,1400371200
797,734,1400284800
798,408,1400198400
799,516,1399852800
800,90,1399593600
801,266,1399248000
802,645,1399161600
803,384,1398470400
804,871,1398211200
805,421,1398124800
806,782,1397779200
807,647,1397692800
808,859,1397433600
809,2,1397347200
810,813,1397260800
811,250,1396656000
812,910,1396483200
813,277,1395187200
814,307,1395014400
815,961,1394928000
816,924,1394841600
817,67,1394668800
818,381,1394496000
819,799,1394496000
820,404,1394236800
821,963,1394064000
822,890,1393804800
823,763,1393459200
824,658,1393286400
825,376,1393286400
826,564,1392768000
827,893,1392163200
828,54,1392076800
829,74,1391990400
830,583,1391817600
831,316,1391644800
832,473,1391644800
833,317,1391644800
834,454,1391385600
835,78,1391299200
836,496,1390608000
837,703,1390521600
838,553,1390521600
839,577,1390089600
840,295,1389225600
841,435,1388880000
842,691,1388534400
843,693,1388275200
844,891,1387152000
845,642,1386547200
846,846,1385424000
847,884,1383955200
848,108,1383523200
849,252,1383436800
850,650,1383177600
851,630,1382659200
852,276,1381276800
853,823,1380672000
854,458,1380499200
855,791,1378684800
856,109,1378684800
857,915,1378425600
858,222,1378080000
859,185,1376352000
860,594,1376006400
861,759,1375142400
862,477,1374883200
863,118,1374710400
864,501,1374192000
865,965,1373414400
866,446,1373328000
867,395,1373155200
868,214,1405382400
869,111,1405123200
870,694,1405123200
871,673,1405036800
872,870,1404950400
873,236,1404864000
874,532,1404864000
875,375,1404777600
876,807,1404777600
877,386,1404604800
878,206,1404432000
879,712,1404345600
880,44,1404259200
881,364,1404259200
882,306,1404172800
883,493,1404086400
884,576,1404086400
885,662,1402272000
886,346,1402099200
887,812,1401926400
888,770,1401753600
889,556,1401753600
890,687,1401235200
891,916,1401062400
892,616,1400803200
893,946,1400803200
894,755,1400371200
895,248,1400025600
896,646,1399507200
897,567,1399420800
898,723,1399334400
899,35,1398384000
900,875,1398297600
901,717,1397865600
902,139,1397779200
903,698,1397433600
904,26,1397001600
905,296,1396742400
906,243,1396310400
907,806,1396137600
908,332,1395705600
909,255,1395619200
910,160,1395187200
911,769,1394668800
912,762,1394409600
913,170,1394323200
914,19,1394236800
915,696,1394064000
916,940,1393891200
917,297,1393804800
918,699,1392681600
919,957,1392681600
920,524,1392076800
921,37,1392076800
922,127,1391644800
923,918,1390521600
924,399,1390435200
925,488,1390003200
926,796,1389657600
927,103,1389571200
928,525,1389571200
929,58,1389312000
930,445,1389139200
931,959,1388707200
932,213,1388620800
933,290,1388620800
934,225,1388534400
935,444,1388534400
67,259,1388275200
936,242,1388016000
937,489,1386806400
938,484,1386720000
939,877,1386288000
940,413,1386201600
941,736,1385856000
942,286,1385856000
943,729,1385251200
944,635,1385078400
945,246,1384905600
946,672,1384732800
947,896,1384560000
948,865,1384128000
949,801,1384128000
950,253,1383868800
349,308,1383782400
951,23,1383091200
952,521,1382918400
953,530,1380758400
954,638,1380412800
955,853,1380240000
956,334,1378857600
957,551,1377388800
958,548,1375747200
959,866,1375228800
960,209,1374192000
961,848,1373932800
962,949,1373760000
963,571,1373500800
964,181,1373241600
